{"cameraMode":{"drawMode":0,"name":"Shaded","section":"Shading Mode"},"sceneLighting":true,"audioPlay":false,"sceneViewState":{"m_AlwaysRefresh":true,"showFog":true,"showSkybox":false,"showFlares":true,"showImageEffects":true,"showParticleSystems":true,"showVisualEffectGraphs":true,"m_FxEnabled":true},"in2DMode":false,"pivot":{"x":0.000011444091796875,"y":4.325000762939453,"z":0.000012159347534179688},"rotation":{"x":-0.0862102136015892,"y":0.8906840682029724,"z":-0.19013084471225739,"w":-0.40385904908180239},"size":13.227103233337403,"orthographic":false}